date,Sore,Efek Rumah Kaca,Rumahsakit,Stars and Rabbit,Dialog Dini Hari,Adhitia Sofyan,The SIGIT,Endah N Rhesa,Goodnight Electric,Monkey to Millionaire,White Shoes & The Couples Company,The Upstairs,The Adams,Barasuara,Seringai,Angsa & Serigala,Frau,Sajama Cut,Mocca,Float,Naif,Morfem,Bin Idris,Monita Tahalea,Polka Wars,Silampukau,Kelompok Penerbang Roket,Fstvlst,Mondo Gascaro,Elephant Kind,The Trees and The Wild,Reality Club,Heidi (The Girl with the Hair),Vira Talisa,Oscar Lolang,Navicula,Banda Neira,Teenage Death Star,Sisir Tanah,Indische Party,Pandai Besi,Figura Renata,Pijar,Sisitipsi,Mr. Sonjaya,Nosstress,Rocket Rockers,L'Alphalpha,Matter Halo,MALIQ & D'Essentials,Danilla,Senar Senja,Mustache and Beard,Gugun Blues Shelter,Bangkutaman,Sigmun,Grrrl Gang,Melancholic Bitch,Coldiac,Burgerkill,Garamerica,Sal Priadi,Pee Wee Gaskins,Polyester Embassy,Skastra,MarcoMarche,Iksan Skuter,.Feast,The Panasdalam,Kunto Aji,Koil,Fletch,Bilal Indrajaya,AriReda,Bottlesmoker,Tashoora,Homogenic,Sir Dandy,Kurosuke,Jirapah,SCALLER,The Shaggy Dog,Pagi Tadi,Payung Teduh,Rio Satrio,Rock N Roll Mafia,Amigdala,Mooner,Teddy Adhitya,eleventwelfth,Daramuda,Endank Soekamti,Alone At Last,Cholil Mahmud,The Panturas,The Changcuters,Rendy Pandugo,Petra Sihombing,Heals,Agrikulture,Superman Is Dead,Barefood,Killing Me Inside,Pohon Tua,Dried Cassava,Romantic Echoes,Souljah,Svmmerdose,Fourtwnty,Santamonica,The Brandals,DeadSquad,NTRL,Asteriska,Various Artists,Rusa Militan,Tompi,The Cat Police,Ten2Five,Slank,Themilo,Ape On The Roof,Chrisye,Utha Likumahuwa,Adams,Sandrayati Fay,RAN,Fiersa Besari,Dialog Senja,NonaRia,Mantra Vutura,Dua Ibu,Nidji,Ify Alyssa,Iga Massardi,Tuantigabelas,Dubyouth Soundsystem,Isyana Sarasvati,Ballads of the Cliche,Dewa,Padi,Tony Q Rastafara,Christabel Annora,Cupumanik,rebelsuns.,Ras Muhamad,Bedchamber,Iwan Fals,St.Loco,Elegi,eńau,Hindia,Pusakata,Guruh Soekarno Putra,TIGER BABY,Hivi!,The Panasdalam Bank,Dewa 19,Vincent Vega,The Paps,Andien,The Banery,Rubah Di Selatan,Sarasvati,Pygmy Marmoset,Kubik,Deugalih & Folks,Seiring Waktu Berjalan,Baby Eats Crackers,The Groove,Holaspica,Semenjana,Morgue Vanguard,Sheila On 7,Murphy Radio,Ecoutez,Manjakani,Gardika Gigih,Andra & The Backbone,Annemarie,Oslo Ibrahim,Olski,Nadin Amizah,Jangar,Lipgloss,Under The Big Bright Yellow Sun,Komunal,Texpack,Good Morning Everyone,Puti Chitara,Homicide (Indonesia),Stereo Wall,J-Rocks,Ddhear,Layur,Alvin & I,Aya Anjani,Thedyingsirens,OWNDRIS,Teampal,Junior Soemantri,Sungai,Salman Aditya,Classmate Journal,Janitra Satriani,Ivan Gojaya,ikkubaru,Imam Darto Project,Marcel Thee,Notturno,Neckemic,Protocol Afro,Ringgo 5,Scared Of Bums,Galant,Risin Black Hole,Panda Beach,Auretté and The Polska Seeking Carnival,Atlesta,Ping Pong Club,Dini,Kebunku,Suri,Sarin,Tomorrow People Ensemble,Dom 65,Pewee in the Garage,Discotion Pill,Jagostu,lightcraft,The Marmars,Galdive,Megatruh,Are You Alone?,Fia,Peonies,Melly Goeslaw,Netral
2014-01-01,30,8,1,0,1,11,85,80,4,5,3,6,48,0,46,0,4,0,49,25,55,2,1,3,0,7,0,14,0,0,24,0,0,0,0,16,15,2,1,0,5,0,18,0,0,12,72,0,0,0,0,1,0,19,1,2,0,2,0,86,0,0,77,1,0,0,0,0,0,0,78,0,0,0,1,0,52,9,0,9,0,0,0,2,0,7,3,0,3,0,0,54,12,0,0,3,0,73,0,0,54,0,53,1,0,0,38,0,0,0,11,68,0,3,8,0,5,0,4,100,0,0,40,1,47,0,16,1,0,0,0,2,100,1,0,0,0,0,0,79,53,7,0,0,0,1,0,72,0,1,0,17,0,2,2,0,0,79,0,3,2,0,0,1,0,14,0,0,0,4,0,0,0,33,0,34,31,0,12,0,0,0,0,4,11,0,22,0,6,0,0,0,100,0,11,0,0,0,0,0,0,49,0,0,0,0,0,0,0,0,0,2,0,8,99,0,0,0,48,0,57,1,9,0,0,0,0,9,78,0,0,0,4,0,34,0,31,24
2014-02-01,30,8,1,0,1,15,96,52,2,2,6,3,38,0,58,0,3,1,44,23,53,3,0,4,0,0,0,13,0,0,22,4,0,0,0,14,12,2,1,1,4,0,19,0,0,8,61,0,0,0,3,0,0,19,1,2,0,0,0,97,0,0,71,1,0,0,0,0,0,0,74,0,0,0,1,0,46,14,9,9,0,0,1,2,0,9,4,0,4,0,0,53,11,0,0,2,0,74,0,0,50,0,63,0,0,0,35,0,0,0,14,70,2,0,7,0,4,0,4,85,0,0,47,1,43,0,16,1,0,0,0,2,57,1,0,0,0,0,0,77,55,6,0,1,0,1,0,73,0,1,0,19,0,1,1,0,0,79,0,2,3,0,0,1,0,15,0,0,0,4,0,0,0,24,0,28,39,0,15,1,0,0,0,2,16,0,22,0,15,0,0,0,83,0,12,0,0,0,0,0,0,58,0,0,0,0,39,0,0,0,0,2,2,11,90,35,17,0,17,0,62,1,8,0,0,0,0,20,89,0,0,0,6,0,30,0,26,25
2014-03-01,29,8,1,0,1,18,99,45,3,5,5,7,39,0,73,0,4,1,40,23,54,3,0,2,0,0,0,14,0,3,21,0,0,0,0,16,14,1,1,1,4,0,17,0,0,8,68,0,0,0,2,0,0,20,1,2,0,1,0,100,0,0,73,1,0,0,0,0,0,0,76,1,0,0,1,0,40,24,0,0,0,0,0,1,0,5,3,0,3,0,0,53,12,0,0,3,0,59,0,0,49,0,69,1,0,0,36,0,0,0,17,43,0,2,8,0,4,0,4,72,0,0,49,1,41,0,19,1,0,0,0,2,55,0,0,0,0,0,0,73,56,6,0,1,0,1,0,76,0,1,0,66,0,1,1,0,0,73,0,3,3,0,0,1,0,13,0,0,0,4,0,0,0,24,0,34,29,0,9,1,0,0,0,2,10,3,31,0,13,3,0,0,69,0,13,0,31,0,0,0,0,52,0,0,0,0,0,0,0,34,1,0,0,6,89,15,30,0,15,15,65,1,9,0,0,0,0,9,82,0,0,0,7,0,38,0,28,28
2014-04-01,30,9,1,0,1,14,82,47,4,2,1,7,30,0,58,0,2,0,48,23,61,2,0,5,0,0,3,15,0,0,14,3,0,0,0,18,13,1,1,1,5,0,14,0,0,8,73,0,0,0,2,0,0,18,3,2,0,1,0,95,0,0,84,2,0,0,0,0,0,2,82,1,1,0,2,0,53,8,0,8,0,0,1,2,0,3,3,0,4,0,0,58,11,0,0,3,0,100,0,0,52,0,73,1,0,0,35,0,0,0,19,49,2,0,8,0,4,0,3,60,0,0,48,1,35,0,21,1,0,0,0,2,53,0,0,0,0,0,0,70,54,6,0,0,0,1,0,78,0,1,0,28,0,3,2,0,0,62,0,3,3,0,0,1,0,14,0,0,0,3,0,0,0,26,0,28,36,3,17,1,0,0,0,3,13,0,30,0,18,5,0,0,84,0,12,0,32,0,0,0,0,54,0,0,0,0,34,0,0,0,1,1,0,9,90,15,15,0,15,0,72,1,8,0,0,0,0,17,100,9,0,0,5,0,28,0,28,27
2014-05-01,32,11,1,0,1,13,92,71,3,7,1,11,32,0,53,0,5,1,43,25,56,2,0,2,0,0,0,29,3,0,18,0,0,0,0,27,12,1,0,1,5,0,13,0,0,8,70,0,0,0,1,1,1,19,1,1,0,1,0,95,1,0,79,1,0,0,0,0,1,3,78,0,0,0,1,0,29,25,0,8,0,0,0,2,0,5,8,3,4,0,0,60,13,0,0,3,0,92,0,0,54,0,59,1,0,0,35,0,0,0,12,54,0,3,9,0,5,0,4,62,0,0,39,1,37,0,23,1,0,0,0,2,46,0,0,0,0,0,0,77,54,6,0,1,0,1,0,86,0,1,0,23,0,2,1,0,0,66,0,3,3,0,0,1,0,16,0,0,0,3,0,0,0,33,0,42,37,0,12,1,0,0,0,6,16,3,30,0,14,0,0,0,72,0,18,0,32,0,0,0,0,56,0,0,0,0,0,0,0,0,1,1,1,7,95,0,15,0,69,0,59,1,9,0,0,0,0,18,61,0,0,0,6,0,29,0,30,28
2014-06-01,28,9,1,0,1,12,82,45,2,2,3,5,27,1,57,0,3,0,37,26,61,1,0,4,0,0,3,19,0,3,32,0,0,0,0,18,12,1,1,1,3,0,14,0,0,8,55,0,0,0,2,0,1,23,0,2,0,1,0,76,0,0,82,1,0,0,0,0,0,7,75,1,0,0,1,0,43,9,0,9,0,0,1,2,0,8,4,0,7,0,0,73,11,0,0,3,0,91,0,0,81,0,51,0,0,0,35,0,0,0,7,54,0,2,7,0,8,0,3,68,0,0,36,1,29,0,26,1,0,0,0,2,42,1,0,0,0,0,0,94,47,6,0,1,0,1,0,82,0,1,0,19,0,2,1,0,0,58,0,2,3,0,0,1,0,13,0,0,0,4,0,0,0,29,0,32,40,1,13,2,0,0,0,3,13,0,25,0,38,6,0,0,87,0,13,0,0,0,0,0,0,47,0,0,0,0,0,0,0,0,1,2,1,13,87,32,0,0,40,0,61,1,10,0,0,0,0,14,68,0,0,0,5,0,38,0,30,35
2014-07-01,23,4,1,0,1,15,69,48,4,7,4,6,19,0,62,0,2,0,41,23,50,2,0,2,0,0,0,15,0,0,19,7,0,0,0,16,14,1,1,0,3,0,8,0,0,7,73,0,0,0,2,0,0,19,0,2,0,1,0,84,0,0,86,3,0,0,0,0,1,9,67,0,0,0,1,0,30,13,9,17,0,0,1,2,0,4,6,0,4,0,0,63,11,0,0,3,0,50,0,0,62,1,49,1,0,0,33,0,0,0,13,60,0,0,9,0,6,0,3,67,0,0,35,1,28,0,25,1,0,0,0,1,42,1,0,0,0,0,0,100,40,6,0,1,0,1,0,75,0,1,0,17,0,2,1,0,0,50,0,2,4,0,0,1,0,11,0,0,0,2,0,0,0,26,0,27,26,0,11,1,0,0,0,2,21,3,29,0,18,3,0,0,66,0,12,0,0,0,0,0,0,37,0,0,0,0,72,0,0,36,0,1,0,9,85,16,0,0,0,16,47,1,14,0,0,0,0,0,83,18,0,0,1,0,30,0,25,40
2014-08-01,29,5,1,0,1,11,76,65,2,2,1,4,28,1,76,0,5,0,45,19,75,3,0,3,0,0,7,12,3,3,19,0,0,0,0,12,15,1,1,0,4,0,13,0,0,12,82,0,0,0,1,0,0,23,1,2,0,1,0,85,0,0,100,1,0,0,0,0,0,7,76,0,0,0,1,0,36,8,16,0,0,0,0,2,0,3,3,0,4,0,0,67,11,0,0,3,0,36,0,0,64,0,48,1,0,0,34,0,0,0,6,55,0,0,9,0,5,0,4,66,0,0,44,1,40,0,25,1,0,0,0,2,39,1,0,0,0,0,0,93,47,5,0,1,0,1,0,73,0,1,0,18,0,1,1,0,0,62,0,2,3,0,0,1,0,18,0,0,0,5,0,0,0,31,0,32,32,0,11,2,0,0,0,5,15,0,24,0,15,0,0,0,72,0,13,0,31,0,0,0,0,50,0,0,0,0,34,0,0,0,0,0,0,19,91,0,15,0,30,0,53,1,8,0,0,0,0,0,82,0,0,0,4,0,37,0,24,31
2014-09-01,31,7,1,0,1,15,91,61,2,3,1,6,31,0,75,0,6,1,61,24,77,5,0,3,0,0,0,42,8,3,14,0,0,0,0,14,11,1,1,1,5,0,16,0,0,11,74,0,0,0,3,0,1,18,1,2,0,1,0,90,0,0,88,1,0,0,0,0,0,6,78,0,0,0,0,0,31,23,0,8,0,0,0,2,0,4,5,0,2,0,0,85,10,0,0,3,0,29,0,0,74,0,69,1,0,0,41,0,0,0,8,59,0,2,4,0,6,0,4,72,0,0,52,1,39,0,36,1,0,0,0,2,46,1,0,0,0,0,0,89,56,7,0,1,0,1,0,77,0,1,0,34,0,1,1,0,0,70,0,3,3,0,0,1,0,26,0,0,0,4,0,0,0,42,0,29,50,1,12,3,0,1,0,4,19,3,60,0,34,3,0,0,60,0,13,0,0,0,0,0,0,64,0,0,0,0,0,33,0,32,0,1,0,18,69,14,0,0,29,0,57,1,8,0,0,0,0,8,82,0,0,0,5,0,39,0,37,32
2014-10-01,33,6,1,0,2,15,93,59,2,5,2,9,31,1,66,0,4,1,51,30,76,6,0,2,0,0,3,38,5,6,16,6,0,0,0,29,22,1,1,1,5,0,16,1,0,14,68,0,0,0,2,0,1,21,1,2,0,1,0,77,1,0,76,1,0,0,0,0,0,8,79,0,0,1,1,0,30,15,0,0,0,0,0,3,0,4,2,0,4,0,0,87,10,0,0,4,0,19,0,0,73,0,59,1,0,0,43,0,0,0,13,52,0,0,8,0,6,0,4,71,0,0,53,1,36,0,56,1,0,0,0,2,37,0,0,0,0,0,0,90,61,6,0,1,0,1,0,77,0,1,0,36,0,1,1,0,0,85,0,3,3,0,0,1,0,19,0,0,0,6,0,0,0,43,0,24,53,0,12,3,0,0,0,3,14,0,35,0,24,3,0,0,64,0,13,0,0,0,0,0,0,59,0,0,0,0,0,0,0,32,0,0,1,11,83,14,0,0,70,14,59,1,8,0,0,0,0,12,64,0,0,0,4,0,38,0,54,33
2014-11-01,33,7,1,0,2,16,90,61,3,5,3,11,35,1,100,0,7,1,54,27,67,4,0,2,0,5,5,44,3,3,29,3,0,0,0,19,19,1,1,1,7,0,21,0,0,20,92,0,0,0,7,0,1,17,0,1,0,1,0,89,0,0,81,1,0,0,0,0,0,12,76,0,0,0,1,0,38,15,0,15,0,0,1,4,0,5,5,0,5,0,0,89,12,0,0,3,0,22,0,0,78,0,80,1,0,0,48,0,0,0,10,60,2,2,7,0,5,0,4,75,0,0,55,1,40,0,73,1,0,0,0,2,37,0,0,0,0,0,0,87,62,6,0,1,0,2,0,81,0,1,0,35,0,2,2,0,0,93,0,2,4,0,0,1,0,18,0,0,0,5,0,0,0,59,0,35,61,1,15,3,0,1,0,3,13,3,34,0,18,0,0,0,57,0,20,0,0,0,0,0,0,66,0,0,0,0,33,0,0,0,0,0,1,12,78,0,14,0,36,0,62,1,8,0,0,0,0,0,94,8,0,0,6,0,31,0,100,30
2014-12-01,29,7,1,0,2,20,78,55,4,2,2,9,32,2,92,0,5,0,47,20,68,3,1,3,0,0,0,47,8,3,21,3,0,0,0,20,19,1,1,1,8,0,12,0,0,16,100,0,0,0,3,0,1,21,1,1,0,0,0,95,0,0,78,1,0,0,0,0,1,38,84,0,0,0,1,0,42,8,0,0,0,0,0,3,0,4,5,0,4,0,0,82,14,0,0,3,0,14,0,0,68,0,68,1,0,0,45,0,0,0,8,60,0,2,6,0,5,0,4,72,0,0,50,1,32,0,100,1,0,0,0,2,38,1,0,0,0,1,0,74,56,6,0,1,0,1,0,76,0,1,0,24,0,1,1,0,0,75,0,3,6,0,0,2,0,15,0,0,0,5,0,0,0,68,0,36,61,0,14,2,0,1,0,2,12,6,21,0,30,0,0,0,64,0,13,0,0,0,0,0,0,60,0,0,0,0,0,32,0,32,0,1,0,13,71,0,14,0,42,14,59,1,9,0,0,0,0,0,85,0,0,0,3,0,30,0,58,29
2015-01-01,34,7,1,0,2,14,76,68,0,3,3,8,37,6,81,0,3,0,54,26,97,3,0,2,0,3,3,37,4,4,16,3,0,0,0,15,22,1,1,1,6,0,19,1,0,19,81,0,0,0,4,0,0,20,1,1,0,1,0,79,0,0,66,1,0,0,0,0,0,100,77,0,0,0,1,0,25,11,0,11,0,0,0,4,0,3,2,0,4,0,0,83,12,0,0,3,0,12,0,0,61,0,58,1,0,0,46,0,0,0,10,49,0,3,9,0,4,0,3,67,0,0,53,1,37,0,95,2,0,0,0,2,36,1,0,0,0,1,0,71,68,5,0,1,0,1,0,69,0,1,0,23,0,1,1,0,0,67,0,3,6,0,0,1,0,13,0,0,0,4,0,0,0,64,0,26,65,1,10,1,0,0,0,4,16,0,45,0,11,0,0,0,55,0,14,0,28,0,0,0,0,71,0,0,0,0,0,0,0,0,0,0,0,11,84,13,0,0,41,0,58,1,9,0,0,0,0,0,93,8,0,0,6,0,35,0,42,28
2015-02-01,31,7,1,0,2,14,78,70,4,3,1,14,27,2,69,0,5,0,46,25,82,3,1,2,0,0,0,26,6,3,13,0,0,0,0,14,23,0,1,1,6,0,18,1,0,21,76,1,0,0,4,0,0,21,1,1,0,1,0,67,0,0,65,1,0,0,0,0,0,88,78,0,0,0,2,0,57,8,0,8,0,0,0,4,0,3,3,3,4,0,0,77,11,0,0,3,0,12,0,0,62,0,55,1,0,0,46,0,0,0,6,49,0,0,10,0,5,0,3,64,0,0,51,1,35,0,80,2,0,0,0,2,53,0,0,0,0,1,0,70,59,5,0,1,0,1,0,68,0,1,0,25,0,1,1,0,0,69,0,3,5,0,0,1,0,16,0,0,0,4,0,0,0,60,0,28,65,1,12,2,0,1,0,4,13,0,44,0,18,3,0,0,61,0,10,0,32,0,0,0,0,83,0,0,0,0,0,0,0,0,1,1,1,8,77,0,0,0,38,15,57,1,10,0,0,0,0,0,69,9,0,0,10,0,35,0,35,27
2015-03-01,33,8,1,0,2,10,73,59,3,3,1,6,31,3,56,0,5,1,63,30,83,3,0,2,0,6,0,31,14,3,26,3,0,0,0,13,37,1,1,1,7,0,20,0,0,17,56,0,0,0,7,0,1,15,2,1,0,1,0,77,0,0,67,1,0,0,0,0,0,58,76,0,0,0,1,0,37,7,0,7,0,0,1,4,0,5,4,0,0,0,0,73,10,0,0,3,0,13,0,0,72,0,51,1,0,0,44,0,0,0,8,48,0,0,10,0,4,0,3,65,0,0,52,1,37,0,61,2,0,0,0,2,43,0,0,0,0,1,0,64,61,4,0,0,0,1,0,86,0,1,0,24,0,1,1,0,0,60,0,3,4,0,0,2,0,17,0,0,0,4,0,0,0,51,0,25,78,1,8,2,0,0,0,8,21,3,55,0,21,3,0,0,46,0,18,0,0,0,0,0,0,83,0,0,0,0,62,0,0,0,1,2,0,10,77,14,14,0,55,13,66,1,9,0,0,0,0,8,59,8,0,0,8,0,30,0,36,28
2015-04-01,35,9,1,0,2,7,76,53,3,2,1,8,37,4,54,1,4,0,60,25,80,3,1,1,0,8,0,45,3,3,24,3,0,3,0,16,32,1,1,1,5,0,17,1,0,17,71,0,1,0,6,1,1,21,1,3,0,1,0,86,0,0,57,1,0,0,0,0,1,37,70,0,0,0,1,0,44,7,7,22,0,0,1,4,0,2,7,0,2,0,0,84,12,0,0,3,0,11,0,0,71,0,48,1,0,0,58,0,0,0,7,36,0,2,14,0,4,0,3,58,0,0,51,1,36,0,47,2,0,0,0,2,36,0,0,0,0,1,0,64,60,5,0,1,0,1,0,69,0,1,0,18,0,2,1,0,0,64,0,2,6,0,0,2,0,17,0,0,0,5,0,0,0,45,0,14,65,2,5,1,0,1,0,7,26,0,67,0,15,0,0,0,45,0,18,0,28,0,0,0,0,76,0,0,0,0,0,0,0,0,1,1,0,11,83,14,0,0,27,0,65,1,13,0,0,0,0,16,35,0,0,0,6,0,27,0,36,27
2015-05-01,31,14,2,0,2,11,77,50,1,2,5,10,22,3,59,0,6,1,54,26,75,3,0,4,0,6,3,47,6,7,20,6,0,0,0,18,24,0,1,1,5,0,15,1,0,15,71,0,1,0,6,1,1,24,1,2,0,1,0,73,0,0,60,0,0,0,0,0,0,56,72,0,0,0,1,0,79,7,7,7,0,0,1,4,0,2,3,0,2,0,0,85,10,1,0,3,0,9,0,0,100,0,48,1,0,0,62,0,0,0,8,43,0,3,6,0,4,0,3,60,0,0,60,1,29,0,48,2,0,0,0,2,37,0,0,0,0,4,0,67,55,5,0,0,0,1,0,68,0,1,0,17,0,1,2,0,0,66,0,2,6,0,0,5,0,17,0,0,0,6,0,0,0,51,0,18,73,1,9,1,0,1,0,5,21,5,50,3,17,0,0,0,56,0,12,0,0,0,0,0,0,75,0,0,0,0,0,0,0,30,5,1,1,7,82,13,0,0,100,27,64,1,9,0,0,0,0,19,57,0,0,0,4,0,31,0,43,27
2015-06-01,29,7,1,0,2,11,85,37,1,5,2,11,23,3,68,0,6,1,43,30,81,2,0,3,1,10,6,45,3,11,24,0,0,3,0,15,30,1,1,1,6,0,14,1,0,16,74,0,1,0,9,0,1,13,1,1,0,1,0,73,0,0,70,1,0,0,0,0,0,37,73,0,0,0,1,0,58,0,0,0,0,0,1,4,0,2,7,0,4,0,0,80,10,0,0,2,0,9,1,0,85,0,50,1,1,0,51,0,0,0,6,48,3,2,8,0,6,0,3,56,0,0,49,1,31,0,49,2,0,0,0,2,35,0,0,0,0,12,0,63,52,5,0,1,0,2,0,65,0,1,0,15,0,1,1,0,0,59,0,2,4,0,0,13,0,14,0,0,0,4,0,0,0,53,0,24,60,0,7,1,0,2,0,3,22,3,36,0,19,3,0,2,42,0,22,0,30,0,0,0,0,57,0,0,0,0,49,0,0,0,3,1,1,10,79,0,0,0,29,0,66,1,14,0,0,0,0,21,49,8,0,0,6,0,44,0,43,26
2015-07-01,28,6,1,0,2,9,90,42,2,2,3,9,28,2,71,0,6,1,45,30,81,1,0,3,1,14,7,21,3,10,12,5,0,3,0,17,29,1,1,0,3,0,13,1,0,18,72,1,1,0,10,0,1,22,1,2,0,1,0,67,0,0,64,1,0,0,0,0,0,33,65,1,0,0,1,0,38,17,0,9,0,0,1,4,0,3,6,0,3,0,0,75,7,0,0,3,0,9,0,0,66,0,42,1,0,0,45,0,1,0,9,45,3,2,3,0,6,0,3,52,0,0,52,1,31,0,47,2,0,0,0,2,35,1,0,0,0,23,0,68,47,4,0,0,0,1,0,58,0,1,0,13,0,1,1,0,0,59,0,2,4,0,0,23,0,13,0,0,0,7,0,0,0,57,0,22,55,1,6,1,0,0,0,3,24,0,30,0,32,0,0,0,50,0,15,0,33,0,0,0,0,45,0,0,0,0,36,0,0,36,2,2,1,10,98,0,0,0,48,16,51,1,12,0,0,0,0,14,46,0,0,0,1,0,34,1,35,23
2015-08-01,32,7,2,1,2,11,100,44,4,2,2,8,27,4,73,0,6,1,40,26,87,3,0,3,0,10,29,31,10,8,27,3,0,0,0,13,30,1,1,1,4,0,14,1,0,19,76,1,1,0,14,1,1,19,1,1,0,1,0,71,1,0,73,1,0,0,0,0,0,28,75,0,0,0,1,0,36,16,0,0,0,0,0,4,0,3,3,0,3,0,0,87,7,0,0,3,0,16,0,0,80,0,44,1,0,0,50,0,0,0,10,35,7,5,7,0,5,0,3,56,0,0,48,2,29,0,45,2,0,0,0,2,34,0,0,0,0,59,0,74,53,4,0,0,0,2,0,61,0,1,0,22,0,1,2,0,0,81,0,2,4,0,0,63,0,31,0,0,0,4,0,0,0,44,0,17,93,1,9,2,0,0,0,4,26,3,41,0,28,3,0,0,37,0,12,0,0,0,0,0,0,59,0,0,0,0,50,100,0,0,2,1,1,10,100,0,15,0,22,15,51,1,9,0,0,0,0,0,47,17,0,0,2,0,40,0,30,30
2015-09-01,32,10,1,1,3,12,72,44,2,3,1,11,31,22,49,0,6,1,39,34,86,4,0,3,0,10,24,29,6,21,12,3,0,0,0,15,28,1,2,1,4,0,14,1,0,17,84,0,1,0,10,1,0,16,0,1,0,0,0,63,1,0,55,0,0,0,0,0,0,25,72,0,0,0,1,0,39,12,0,0,0,0,1,6,0,8,3,0,2,0,0,84,8,0,0,2,0,10,1,0,68,0,48,1,1,0,47,0,1,0,7,39,8,4,4,0,5,0,3,53,0,0,52,1,30,0,47,2,0,0,0,2,35,0,0,0,0,83,0,78,59,5,0,1,0,1,0,70,0,1,0,27,0,1,1,0,0,89,0,2,6,0,0,87,0,31,0,0,0,3,0,0,0,50,0,22,95,1,7,1,0,1,0,10,26,0,48,0,22,4,0,0,45,0,24,0,0,0,0,0,0,65,0,0,0,0,32,87,0,0,3,1,0,7,76,0,0,0,58,14,56,1,7,0,0,0,0,17,41,17,0,0,3,0,35,0,35,31
2015-10-01,34,9,1,1,2,11,96,46,2,5,2,8,35,49,63,0,5,0,45,40,88,5,0,2,1,25,25,37,8,18,27,3,0,3,0,21,37,1,1,2,5,0,19,1,0,20,65,0,0,0,13,0,1,15,1,3,0,1,0,60,0,0,59,1,0,0,0,0,0,29,75,0,0,0,0,0,36,22,0,11,0,0,0,6,0,2,4,0,2,0,0,87,8,0,0,2,0,8,0,0,61,0,47,1,1,0,45,0,1,0,8,51,47,3,7,0,6,0,3,51,0,0,48,1,29,0,37,2,0,0,0,2,35,0,0,0,0,96,0,76,60,4,0,1,0,1,0,74,0,1,0,28,0,1,1,0,0,90,0,2,4,0,0,100,0,26,0,0,0,4,0,0,0,73,0,21,93,2,8,1,0,0,0,3,29,0,42,0,20,5,0,2,42,0,26,0,42,0,0,0,0,57,0,0,0,0,0,62,0,0,1,1,0,6,81,13,0,0,27,0,62,1,8,0,0,0,0,0,77,0,0,0,3,0,41,0,42,31
2015-11-01,36,11,1,1,2,11,94,43,2,3,1,7,26,71,57,0,6,1,49,44,79,5,1,3,0,92,21,44,8,32,23,3,0,0,0,18,31,1,2,1,5,0,22,2,0,14,72,1,0,0,14,0,1,15,1,5,0,1,0,60,1,0,59,1,0,1,0,0,0,24,79,0,0,0,3,0,44,7,0,7,0,0,1,6,0,5,3,0,0,0,0,83,6,1,0,3,0,8,0,0,50,0,41,1,0,0,43,0,1,0,17,40,30,7,3,0,5,0,3,52,0,0,42,1,29,0,33,3,0,0,0,2,38,0,0,0,0,64,0,81,58,4,0,1,0,1,0,83,0,1,0,25,0,1,1,0,0,100,0,2,3,0,0,68,0,25,0,0,0,3,0,0,0,52,0,24,100,0,5,2,0,1,0,3,21,3,54,0,9,3,0,0,49,0,23,0,28,0,0,0,0,61,0,0,0,0,31,31,0,31,1,0,1,6,73,0,13,0,41,0,67,1,7,0,0,0,0,8,50,8,0,0,3,0,30,0,39,30
2015-12-01,34,16,1,1,2,7,89,42,2,4,3,7,29,92,43,0,5,2,42,42,76,4,0,5,1,51,27,38,8,25,19,3,0,0,0,23,35,1,1,2,6,0,17,1,0,15,82,0,0,0,13,2,1,16,1,5,0,2,0,56,0,0,45,1,0,0,0,0,0,27,73,0,0,0,2,0,33,7,0,7,0,0,1,6,0,4,4,5,4,2,0,79,8,0,0,2,0,7,0,0,47,0,42,1,0,0,40,0,1,0,11,33,26,3,6,0,4,0,3,58,0,0,43,1,28,0,33,3,0,0,0,3,37,1,0,0,0,49,0,76,54,4,0,1,0,2,0,89,0,1,0,21,0,1,1,0,0,82,0,2,3,0,0,52,0,20,0,0,0,3,0,0,0,48,0,19,86,0,8,1,0,1,0,5,29,0,50,0,12,11,0,2,37,0,18,0,57,0,0,0,0,55,0,0,0,0,31,0,0,0,1,0,1,11,91,28,34,0,34,0,62,1,8,0,0,0,0,15,74,0,0,0,3,0,32,0,38,28
2016-01-01,36,11,1,1,1,7,69,30,2,2,1,7,21,52,60,0,6,1,45,30,67,3,1,6,1,41,22,29,8,26,13,3,0,3,0,17,29,1,1,1,4,0,18,1,0,16,64,1,1,0,12,2,0,12,2,4,0,1,0,67,0,0,51,1,0,0,0,0,0,37,77,0,0,0,1,0,26,10,0,0,0,0,1,5,0,3,4,3,4,0,0,81,8,0,0,3,0,10,0,0,41,0,39,1,0,0,48,0,1,0,4,36,20,5,2,0,4,0,2,67,0,0,38,1,27,0,27,3,0,0,0,2,43,1,0,0,0,36,0,66,63,4,0,0,0,2,0,93,0,1,0,25,0,1,1,0,0,66,0,2,3,0,0,38,0,18,0,0,0,3,0,0,0,40,0,18,77,0,7,0,0,0,0,5,18,5,33,0,10,0,0,0,38,0,20,0,25,0,0,0,0,60,0,0,0,0,0,0,0,0,1,1,0,6,79,0,12,0,54,0,59,1,9,0,0,0,0,0,66,7,0,0,4,0,37,0,35,27
2016-02-01,36,11,1,1,2,10,81,30,5,1,2,6,20,51,59,0,4,1,35,31,73,2,0,6,0,39,31,24,4,21,12,5,0,3,0,15,50,1,2,4,4,0,22,2,0,11,70,0,1,0,11,6,0,10,1,4,0,1,0,62,0,0,73,1,0,0,0,0,0,31,79,0,0,0,1,0,10,13,7,0,0,0,1,6,0,2,2,0,0,0,0,100,7,0,0,3,0,6,0,0,43,0,37,1,0,0,44,0,1,0,7,46,13,3,6,0,3,0,2,60,0,0,41,1,27,0,24,3,0,0,0,3,43,1,0,0,0,28,0,67,69,4,0,1,0,1,0,100,0,1,0,26,0,1,1,0,0,70,0,2,3,0,0,29,0,22,0,0,0,3,0,0,0,38,0,16,80,0,6,1,0,1,0,3,25,0,55,0,7,4,0,2,29,0,20,0,26,0,0,0,0,62,0,0,0,0,0,0,0,0,2,1,2,4,81,13,12,0,25,0,66,1,7,0,0,0,0,0,29,0,0,0,6,0,36,0,37,28
2016-03-01,36,12,1,1,2,6,76,27,2,1,1,11,19,40,37,0,3,1,35,33,85,3,0,6,1,41,27,30,4,40,20,2,0,2,0,19,42,1,1,1,5,0,19,3,0,10,65,0,1,0,19,3,1,12,0,3,0,1,0,63,0,0,90,2,0,0,0,0,0,27,86,0,0,0,1,0,28,6,6,6,0,0,1,6,0,3,3,4,5,0,0,95,6,0,0,2,0,5,0,0,41,0,35,1,0,0,45,0,1,0,7,72,8,9,5,0,3,0,2,82,0,0,44,1,29,0,23,3,0,0,0,3,35,1,0,0,0,18,0,64,74,4,0,0,0,1,0,90,0,1,0,25,0,1,1,0,0,66,0,2,3,0,0,21,0,21,0,0,0,4,0,0,0,35,0,10,86,1,6,1,0,0,0,7,19,0,46,0,13,2,0,0,34,2,9,0,49,0,0,0,0,63,0,0,0,0,26,0,0,0,2,1,4,5,85,12,12,0,17,0,73,1,9,0,0,0,0,0,50,0,0,0,8,0,39,0,36,27
2016-04-01,35,12,1,1,2,8,86,27,2,3,1,7,29,50,44,0,3,0,36,38,75,3,0,6,1,42,40,34,6,28,19,0,0,2,0,18,34,0,2,3,4,0,19,1,0,11,68,0,1,0,17,1,3,7,1,3,0,0,0,62,0,0,71,1,0,0,1,0,0,16,82,0,0,0,1,0,28,0,6,6,0,0,1,6,0,3,2,2,4,0,0,94,6,0,0,2,0,6,0,0,43,0,37,1,0,0,47,0,1,0,6,56,27,4,6,0,3,0,2,70,0,0,51,1,28,0,22,3,0,0,0,3,34,1,0,0,0,15,0,61,69,4,0,0,0,1,0,90,0,1,0,23,0,1,1,0,0,59,0,2,3,0,0,16,0,22,0,0,0,2,0,0,0,34,0,10,74,1,8,2,0,0,0,6,28,2,51,2,11,0,0,0,36,7,19,0,0,0,0,0,0,63,0,0,0,0,27,27,0,0,2,1,3,6,84,0,0,0,30,0,90,1,9,0,0,0,0,13,47,0,0,0,10,0,40,0,54,30
2016-05-01,37,16,1,1,2,7,74,29,3,0,1,2,26,88,40,1,4,1,42,34,72,3,0,10,3,89,57,31,8,13,9,2,0,0,2,14,40,0,1,1,4,1,16,3,0,12,61,0,0,0,19,4,1,13,1,4,0,1,0,55,0,0,60,1,1,0,0,0,0,16,79,0,0,1,1,0,25,6,0,6,0,0,1,6,0,2,4,0,2,0,0,90,7,0,0,3,0,5,0,0,40,0,34,1,0,0,45,0,2,0,9,50,24,8,7,0,4,0,2,64,0,0,42,1,27,0,20,3,0,0,0,3,32,0,0,0,0,15,0,61,64,5,0,1,0,1,0,84,0,1,0,20,0,1,1,0,0,56,0,2,3,0,0,16,0,21,0,0,0,3,0,0,0,34,0,17,71,1,7,5,0,1,0,8,31,2,39,0,12,6,0,0,29,9,12,0,36,0,0,0,0,63,0,0,0,0,53,26,0,0,3,1,3,5,69,23,0,0,35,0,65,1,8,0,0,0,0,10,50,7,0,0,5,0,100,0,67,28
2016-06-01,28,8,1,1,1,7,76,23,1,4,2,4,17,66,39,0,3,1,38,37,68,2,1,8,1,60,24,26,9,16,10,3,0,3,3,22,40,0,2,1,5,1,11,2,0,12,55,0,1,0,16,1,1,10,1,3,0,1,1,59,1,1,55,1,0,0,0,0,0,14,80,0,0,1,1,0,26,7,0,0,0,0,1,6,0,4,2,2,6,0,0,76,6,1,0,2,1,4,0,0,34,0,36,1,0,0,39,0,2,0,3,36,14,9,5,0,4,0,2,54,0,0,36,1,24,0,19,3,0,0,0,2,29,0,0,0,0,12,0,55,50,3,0,0,0,1,0,66,0,1,0,15,0,1,1,0,0,44,0,2,2,0,0,13,0,17,0,0,0,3,0,0,0,28,0,30,50,1,5,2,0,1,0,7,30,2,32,0,16,5,0,0,29,3,26,0,26,0,0,0,0,45,0,0,0,0,0,27,0,0,1,1,2,6,79,24,37,0,36,0,55,1,14,0,0,0,0,7,42,7,0,0,2,0,56,0,32,20
2016-07-01,31,5,1,1,2,5,70,19,1,1,1,6,14,37,35,1,3,0,33,28,63,2,0,8,1,43,26,19,4,10,11,5,0,3,0,12,33,1,2,1,3,1,12,2,0,13,52,0,1,0,12,4,0,9,1,1,0,1,0,39,0,0,43,1,0,0,1,0,0,10,74,0,0,0,0,0,26,6,0,6,0,0,1,6,0,2,6,2,3,0,0,68,5,1,0,4,1,3,0,0,33,0,35,1,0,0,38,0,3,0,4,38,17,7,6,0,3,0,1,57,0,0,33,2,24,0,18,3,0,0,0,2,27,0,0,0,0,9,0,58,48,3,0,1,0,1,0,65,0,1,0,17,0,1,1,0,0,48,0,2,2,0,0,10,0,14,0,0,0,2,0,0,0,27,0,18,61,2,7,1,0,1,0,3,32,0,30,0,8,0,0,0,29,11,9,0,100,0,0,0,0,44,0,0,0,0,0,27,0,0,6,0,1,8,92,12,18,0,18,0,55,1,8,0,0,0,0,7,24,0,0,0,2,0,43,0,30,22
2016-08-01,34,8,1,1,2,10,91,17,1,1,3,6,18,45,41,0,3,1,40,34,64,2,0,9,1,55,34,27,5,13,15,2,0,4,0,23,34,1,2,1,3,1,12,2,0,13,51,0,1,0,11,2,1,8,1,2,0,0,0,52,0,0,54,1,0,0,1,0,0,12,84,0,0,0,0,0,15,12,0,6,0,0,1,6,0,0,2,0,2,0,0,67,7,0,0,2,1,3,0,0,31,0,37,1,0,0,41,0,4,0,6,54,16,9,4,0,3,0,2,60,0,0,35,2,23,0,17,4,0,0,0,3,30,0,0,0,0,8,0,61,54,3,0,0,0,1,0,77,0,1,0,25,0,1,1,0,0,55,0,1,3,0,0,9,0,33,0,0,0,3,0,0,0,32,0,13,77,2,6,1,0,1,0,7,30,2,27,0,11,2,0,0,29,5,18,0,35,0,0,0,0,51,0,0,0,0,50,0,0,38,8,1,2,9,73,22,0,0,28,11,58,1,6,0,0,0,0,6,25,6,0,0,4,0,48,0,25,31
2016-09-01,36,8,1,1,2,9,92,24,2,2,1,6,14,59,41,0,3,0,39,36,67,5,1,8,0,62,37,32,6,31,22,7,0,0,0,22,42,0,2,1,3,1,15,2,0,12,59,0,0,0,14,2,1,8,1,2,0,0,0,60,1,2,45,1,0,1,1,0,0,12,85,0,0,1,2,0,6,6,0,0,0,0,1,7,0,2,2,5,3,0,0,71,6,1,0,2,1,4,0,0,30,0,35,1,0,0,41,0,4,0,5,69,14,6,4,0,3,0,2,58,0,0,37,1,24,0,17,4,0,0,0,3,30,0,0,0,0,8,0,64,60,3,0,1,0,1,0,78,0,1,0,28,0,1,1,0,0,55,0,1,3,0,0,9,0,35,0,0,0,5,0,0,0,31,0,14,82,1,6,3,0,1,0,7,22,4,29,0,12,4,0,0,20,4,18,0,23,0,0,0,0,65,0,0,0,0,51,0,0,0,3,0,2,8,70,0,11,0,17,0,61,1,7,0,0,0,0,6,29,0,0,0,3,0,45,0,30,27
2016-10-01,37,8,1,1,2,8,77,18,2,2,1,7,27,46,34,0,4,0,39,36,68,6,0,7,0,52,24,32,6,30,15,4,0,2,2,21,43,1,2,1,5,1,20,3,0,12,62,0,0,0,18,4,1,8,1,3,0,0,0,47,1,0,48,1,1,0,0,0,1,11,94,0,0,0,1,0,20,11,0,0,0,0,1,7,0,3,2,4,2,0,0,68,5,0,0,2,1,4,0,0,27,0,33,1,0,0,37,0,5,0,10,52,12,5,10,0,3,0,2,60,0,0,40,1,26,0,16,4,0,0,0,3,29,0,0,0,0,8,0,62,63,3,0,0,0,1,0,69,0,1,0,26,0,1,1,0,0,58,0,2,3,0,0,8,0,23,0,0,0,4,0,0,0,32,0,14,85,2,5,29,0,1,0,7,23,2,49,0,15,2,0,1,20,4,21,0,0,0,0,0,0,97,0,0,0,0,0,0,0,0,5,0,1,4,78,16,0,0,0,10,64,1,9,0,0,0,0,0,30,12,0,0,3,0,45,0,32,27
2016-11-01,36,10,1,1,2,9,73,24,1,1,1,8,21,48,34,0,4,0,36,36,71,5,0,7,0,51,40,29,9,24,24,6,0,3,0,22,47,1,1,2,5,1,20,3,0,12,58,0,1,0,24,4,1,7,0,2,0,0,0,49,1,1,47,0,0,0,1,0,0,9,90,0,0,0,1,0,38,0,6,6,0,0,1,7,0,2,2,2,2,0,0,64,5,0,0,2,2,10,0,0,24,0,29,1,0,0,36,0,5,0,5,64,11,8,9,0,3,0,2,56,0,0,34,2,26,0,24,4,0,0,0,3,26,0,0,0,0,7,0,60,63,3,0,1,0,1,0,68,0,1,0,26,0,1,1,0,0,51,0,2,3,0,0,9,0,27,0,0,0,5,0,0,0,31,0,13,73,1,6,38,0,1,0,6,18,0,45,0,12,2,0,4,20,6,24,0,34,0,0,0,0,60,0,0,0,0,0,0,0,0,5,0,1,5,69,0,21,0,21,0,65,1,8,0,0,0,0,0,55,6,0,0,5,0,32,0,31,27
2016-12-01,34,10,1,1,2,5,69,20,1,1,1,7,15,46,38,0,2,0,35,40,73,3,1,6,0,44,46,22,13,19,30,8,0,8,2,18,76,0,2,2,4,1,14,4,0,13,56,0,0,0,31,3,6,6,0,3,0,1,0,44,1,1,41,1,0,0,1,0,0,7,85,0,0,0,1,0,19,5,0,5,0,0,1,7,0,2,4,0,2,0,0,55,5,0,0,3,3,4,0,0,23,0,31,1,0,0,42,0,6,0,4,63,100,8,5,0,2,0,2,58,0,0,37,2,24,0,16,4,0,0,0,3,23,0,0,0,0,6,0,59,55,3,0,0,0,1,0,61,0,1,0,22,0,1,1,0,0,45,0,2,3,0,0,6,0,18,0,0,0,2,0,0,0,29,0,13,83,1,5,7,0,1,1,5,20,4,26,0,9,0,0,1,23,3,21,0,21,0,0,0,0,50,0,0,0,0,0,23,0,0,4,0,3,4,75,0,10,0,15,0,55,1,8,0,0,0,0,0,53,12,0,0,1,0,36,0,32,45
2017-01-01,35,9,1,1,2,7,56,21,1,1,2,7,20,52,27,0,3,0,36,37,94,2,1,5,0,50,29,17,20,38,20,8,0,11,2,17,64,1,2,1,3,1,19,5,0,11,61,0,0,0,20,6,2,7,0,2,0,0,1,40,1,1,31,1,1,0,0,0,0,6,86,0,0,0,1,0,14,17,0,0,0,0,1,7,0,2,2,0,4,2,1,50,4,0,0,2,3,3,0,0,21,0,30,1,0,0,38,0,7,0,8,43,34,10,4,0,3,0,2,62,0,0,37,1,32,0,15,4,0,0,0,3,24,1,0,0,0,6,0,62,59,3,0,0,0,1,0,61,0,1,0,24,0,1,0,0,0,52,0,2,4,0,0,6,0,18,0,0,0,3,0,0,0,31,0,12,76,1,6,6,0,0,0,5,21,2,30,0,7,2,0,2,21,3,20,0,21,0,0,0,0,52,0,0,0,0,24,24,0,23,4,0,4,9,66,15,31,0,26,21,50,1,7,0,0,0,0,6,18,6,0,0,4,0,39,0,67,29
2017-02-01,37,13,1,2,1,7,54,21,1,2,1,5,26,44,25,0,3,0,33,36,100,2,1,5,0,45,19,39,11,23,16,5,0,7,0,12,54,1,2,1,3,2,19,4,0,13,59,0,0,0,20,5,3,6,0,3,0,1,0,52,0,0,35,1,1,0,5,0,0,8,88,0,0,0,0,0,15,6,0,0,0,0,1,8,0,2,13,2,6,2,0,46,5,0,0,1,3,3,0,0,20,0,31,1,0,0,33,0,6,0,7,45,24,6,7,0,3,0,2,56,0,0,42,1,24,0,17,5,0,0,0,3,22,0,0,0,0,4,0,71,64,3,0,1,0,1,0,70,0,1,0,30,0,1,1,0,0,68,0,2,3,0,0,5,0,23,0,0,0,2,0,0,0,37,0,16,76,1,4,3,0,1,1,6,18,0,56,0,16,4,0,0,19,2,20,0,0,0,0,0,0,58,0,0,0,0,0,0,0,0,4,0,3,5,84,0,0,0,22,11,55,1,7,0,0,0,0,6,29,6,0,0,8,0,40,0,35,28
2017-03-01,40,15,2,2,2,18,63,24,2,2,1,4,18,42,23,0,3,0,34,37,91,3,1,4,0,41,30,27,12,26,17,10,0,8,4,18,50,0,3,2,6,2,19,8,0,14,67,0,0,0,27,7,3,6,1,2,1,0,0,38,0,0,31,1,0,0,2,0,0,10,86,0,0,0,0,0,13,16,0,0,0,0,1,8,0,2,10,8,16,3,0,42,4,0,0,2,3,3,0,0,21,0,28,1,0,0,33,0,8,0,7,41,11,2,7,0,2,0,2,52,0,0,39,2,22,0,16,4,0,0,0,3,25,0,0,0,0,4,0,84,61,4,0,0,0,2,0,69,0,1,0,28,0,1,0,0,0,86,0,1,3,0,0,5,0,25,0,0,0,3,0,0,0,34,0,15,70,1,5,1,0,0,3,6,19,0,44,0,15,5,0,3,13,3,17,0,0,0,0,0,0,59,0,0,0,0,34,0,0,0,3,1,1,8,62,10,0,0,20,0,57,1,7,0,0,0,0,6,28,0,0,0,5,0,46,0,32,28
2017-04-01,37,14,1,2,3,15,59,17,1,2,1,5,16,39,23,0,3,0,31,38,78,3,1,4,0,59,53,26,13,27,19,12,0,6,0,17,47,1,4,1,3,2,16,6,0,9,55,0,0,0,19,7,3,5,1,3,1,1,1,36,0,0,32,0,1,0,1,0,0,9,78,1,0,1,0,0,27,11,0,5,0,0,1,7,0,2,9,17,19,4,0,44,5,0,0,2,2,3,0,0,19,0,27,1,0,0,31,0,11,0,5,36,15,8,5,0,2,0,1,45,0,0,35,1,20,0,14,4,0,0,0,3,27,0,0,0,0,7,0,77,56,3,0,0,0,1,0,61,0,1,0,24,0,1,0,0,0,62,0,2,3,0,0,8,0,23,0,0,0,2,0,0,0,29,0,14,77,1,4,3,0,1,3,4,16,2,56,0,10,0,0,1,20,2,23,0,21,0,0,0,0,56,0,0,0,0,23,23,0,0,2,2,2,6,69,15,10,0,20,0,58,1,7,2,0,0,0,0,34,6,0,0,7,0,34,0,28,22
2017-05-01,37,16,1,2,2,10,64,18,3,3,1,6,19,34,24,0,2,0,33,42,78,2,1,3,0,59,100,28,16,53,11,8,0,15,2,23,49,1,5,1,3,1,15,6,0,12,49,0,0,0,22,11,3,7,1,1,1,1,0,39,0,1,31,1,1,0,1,0,0,8,79,1,0,0,1,0,14,6,6,6,0,0,1,7,0,2,7,23,38,2,0,44,3,0,0,2,5,6,0,0,19,0,23,1,0,0,30,0,18,0,3,30,16,10,5,0,3,0,2,44,0,0,34,1,21,0,14,5,0,0,0,3,25,0,0,0,0,8,0,66,54,3,0,0,0,1,0,54,0,1,0,22,0,0,0,0,0,50,0,1,2,0,0,9,0,25,0,0,0,2,0,0,0,27,0,9,82,1,6,2,0,1,2,4,15,2,42,0,11,3,0,0,22,4,25,0,54,0,0,0,0,55,0,0,0,0,0,23,0,0,3,0,8,7,79,0,10,0,21,15,50,1,9,0,0,0,0,0,29,0,0,0,8,0,45,0,25,24
2017-06-01,29,8,1,1,1,9,46,19,1,2,2,3,20,26,21,0,3,0,35,42,80,2,1,4,0,42,40,18,8,23,18,16,0,5,0,18,45,1,4,1,2,1,12,6,0,12,59,0,0,0,29,5,4,5,1,1,1,0,1,46,0,0,27,1,0,0,2,0,0,7,81,1,0,1,0,0,12,0,0,0,0,0,1,8,0,0,11,15,26,2,0,35,3,0,0,2,3,3,0,0,17,0,25,1,0,0,26,0,20,0,3,26,18,8,6,0,3,0,1,47,0,0,34,1,21,0,13,5,0,0,0,3,19,0,0,0,0,6,0,63,44,3,0,0,0,1,0,52,0,1,0,18,0,1,1,0,0,44,0,2,2,0,0,7,0,16,0,0,0,2,0,0,0,30,0,6,71,1,3,2,0,1,3,4,20,0,15,0,15,2,0,2,16,5,34,0,24,0,0,24,0,41,0,0,0,0,0,0,0,0,3,0,3,5,94,23,12,0,11,0,40,1,13,0,0,0,0,0,26,0,0,0,3,0,35,0,22,17
2017-07-01,34,7,1,2,1,14,46,25,1,1,3,4,14,25,22,0,2,0,30,46,82,2,0,4,0,38,38,19,6,11,12,17,0,12,0,10,59,0,5,1,5,1,13,5,0,12,56,0,2,0,30,9,4,9,0,1,1,0,0,33,1,1,25,1,1,0,1,0,0,7,82,0,0,1,1,0,11,8,6,0,0,0,1,9,0,3,13,10,25,3,0,33,3,0,0,2,3,3,0,0,17,0,24,1,0,0,26,0,35,0,6,29,9,7,6,0,2,0,1,44,0,0,31,2,20,0,15,4,0,0,0,2,18,0,0,0,0,5,0,66,47,3,0,0,0,1,0,49,0,1,0,20,0,1,1,0,0,46,0,2,2,0,0,5,0,23,0,0,0,3,0,0,0,31,0,14,82,2,3,1,0,1,2,5,19,2,28,0,10,2,0,6,15,2,24,0,32,0,0,0,0,43,0,0,0,0,24,0,0,0,2,0,3,6,84,0,21,0,26,0,41,1,6,0,0,0,0,6,33,0,0,0,1,0,42,0,27,19
2017-08-01,41,8,1,3,1,13,38,21,1,2,1,5,18,36,26,0,3,0,34,50,77,2,0,4,1,46,38,25,9,17,10,20,0,12,5,13,70,0,4,0,5,2,12,6,0,12,57,0,1,0,34,10,4,7,0,1,0,1,0,32,0,1,35,0,0,0,2,0,1,8,70,0,0,1,1,0,0,5,0,0,0,0,1,39,0,2,8,6,11,3,0,40,4,0,0,2,7,3,0,0,16,0,22,1,0,0,27,0,52,0,5,29,13,5,8,0,2,0,2,46,0,0,32,1,21,0,12,5,0,0,0,4,20,0,0,0,0,4,0,65,50,3,0,0,0,1,0,53,0,1,0,28,0,1,1,0,0,47,0,1,3,0,0,5,0,43,0,0,0,2,0,0,0,32,0,11,73,0,3,1,0,1,2,3,18,3,36,0,19,2,0,9,18,1,22,0,0,0,0,31,0,55,0,0,0,0,34,0,0,0,2,1,2,4,71,10,20,0,25,15,41,1,6,0,0,0,0,0,28,23,0,0,1,0,47,0,24,24
2017-09-01,40,10,1,4,2,15,42,26,1,1,1,2,18,31,23,0,3,0,44,63,84,4,0,6,1,42,32,27,10,36,17,14,0,6,4,12,100,0,4,2,4,2,16,10,0,15,49,0,2,0,42,11,7,5,1,2,1,2,1,30,0,0,29,1,1,0,2,0,0,6,76,1,0,0,0,0,41,22,11,5,0,0,1,100,0,4,9,6,24,0,0,36,2,0,0,2,5,2,0,0,15,0,20,1,0,0,22,0,70,0,5,29,13,6,3,0,2,0,2,44,0,0,37,2,22,0,11,5,0,0,0,4,18,0,0,0,0,5,0,61,53,3,0,0,0,1,0,49,0,1,0,32,0,1,0,0,0,41,0,1,3,0,0,5,0,43,0,0,0,2,0,0,0,31,0,14,72,2,5,1,0,1,2,4,19,2,44,0,11,6,0,3,9,2,22,0,21,0,0,64,0,60,0,0,0,0,46,0,0,0,2,0,3,3,65,20,10,0,31,0,51,1,6,0,0,0,0,0,23,6,0,0,3,0,45,0,25,20
2017-10-01,40,9,2,4,2,13,47,28,2,2,2,4,17,34,22,0,3,0,48,55,92,6,1,4,0,63,42,37,8,42,8,21,0,17,3,14,77,0,4,2,4,3,20,12,0,18,50,0,1,0,35,10,5,5,0,3,2,2,0,30,0,0,27,1,1,0,2,0,0,6,77,0,0,0,1,0,23,8,5,5,0,0,1,47,0,3,22,7,17,2,0,63,3,1,0,2,4,3,0,0,13,0,20,1,0,0,23,0,73,0,6,27,7,4,2,0,2,0,2,40,0,0,33,1,22,0,12,6,0,0,0,4,17,0,0,0,0,4,0,58,59,3,0,0,0,1,0,48,0,1,0,32,0,1,0,0,0,45,0,1,2,0,0,5,0,41,0,0,0,2,0,0,0,30,0,12,83,3,4,2,0,1,1,5,11,2,38,0,10,0,0,3,22,1,31,0,20,0,0,40,0,60,0,0,0,0,44,22,0,0,3,1,3,4,64,10,0,0,10,0,52,1,6,0,0,0,0,0,39,6,0,0,4,0,50,0,27,23
2017-11-01,37,9,1,4,1,11,40,27,2,1,1,4,18,33,23,0,3,0,55,52,92,4,1,3,0,54,29,24,9,36,5,26,0,18,3,17,93,0,5,2,5,3,26,12,0,17,47,0,1,0,30,13,9,5,1,1,1,1,1,26,1,1,34,1,1,0,3,0,0,6,70,1,0,0,0,0,13,16,0,5,0,0,1,35,0,2,23,8,14,3,0,81,3,1,0,2,3,2,0,0,14,0,20,2,0,0,20,0,72,0,6,30,10,4,3,0,2,0,2,40,0,0,51,1,23,0,14,7,0,0,0,4,18,0,0,0,0,4,0,60,76,2,0,0,0,1,0,46,0,1,0,31,0,1,1,0,0,45,0,1,2,0,0,4,0,41,0,1,0,3,0,0,0,39,0,11,80,4,4,3,0,2,3,10,10,0,52,0,14,2,0,0,22,1,32,0,0,0,0,21,0,62,0,0,0,0,0,23,0,0,1,0,2,3,61,10,10,0,25,0,49,1,6,0,0,0,0,0,28,0,0,0,4,0,40,0,26,24
2017-12-01,36,9,1,4,1,15,38,19,2,2,3,4,14,27,18,0,2,0,46,73,86,3,1,4,0,49,39,32,7,36,6,28,0,8,4,12,85,0,4,1,3,4,17,12,0,16,53,0,1,0,29,10,6,6,0,1,1,1,0,22,0,1,27,0,6,0,4,0,0,5,73,1,0,1,1,0,5,21,0,0,0,0,1,25,0,3,20,10,21,5,0,55,2,0,0,2,3,2,0,0,11,0,18,1,0,0,21,0,66,0,2,32,11,8,5,0,2,0,2,45,0,0,100,2,22,0,12,6,0,0,0,3,15,0,0,0,0,5,0,57,62,2,0,0,0,1,0,47,0,1,0,24,0,1,0,0,0,40,0,1,2,0,0,5,0,26,0,0,0,3,0,0,0,37,0,8,73,4,2,1,0,1,2,9,19,2,38,0,12,4,0,3,18,1,23,0,21,0,0,0,0,51,0,0,0,0,22,23,0,0,3,1,3,4,69,0,20,0,10,10,45,1,5,0,0,0,0,0,37,9,0,0,2,0,38,0,32,19
2018-01-01,37,7,2,4,1,14,36,16,1,2,0,5,18,19,13,0,2,1,38,100,77,2,0,4,0,36,10,24,9,27,6,23,2,9,6,12,80,1,5,1,3,4,24,10,0,19,48,0,1,0,32,10,5,4,0,1,1,0,0,28,1,1,23,1,3,0,4,0,1,6,78,0,1,1,0,0,8,8,0,0,0,0,1,17,0,2,19,6,13,2,0,46,3,0,0,2,3,2,0,0,12,0,17,1,0,0,18,0,58,0,4,25,10,2,3,0,2,0,1,36,0,0,44,2,21,0,11,6,1,0,0,4,19,0,0,0,0,4,0,58,67,2,0,0,0,1,0,48,0,1,0,24,1,1,0,0,0,47,0,1,2,0,0,4,0,30,0,0,0,2,0,0,0,32,0,11,80,2,4,1,0,1,2,7,16,0,35,0,9,2,0,2,13,0,29,0,20,0,0,20,0,54,0,0,0,0,22,0,0,0,4,0,1,7,63,19,10,0,14,10,40,1,6,0,0,0,0,0,16,0,0,0,5,0,44,0,26,22
2018-02-01,38,12,1,4,1,11,37,31,2,1,0,4,15,22,13,0,2,0,39,63,76,2,1,3,0,29,20,23,7,27,6,28,0,8,0,12,64,1,4,1,4,3,21,8,0,18,44,0,1,0,30,7,4,4,0,2,1,0,1,23,1,1,22,1,2,0,5,0,1,5,74,1,0,1,0,0,6,29,14,0,0,0,1,11,0,2,13,7,14,2,0,48,2,0,0,2,4,2,0,0,12,0,17,1,0,0,16,1,51,0,1,19,7,5,3,0,2,0,1,47,0,0,38,2,20,0,11,7,1,0,0,4,16,0,0,0,0,3,0,64,68,2,0,0,0,0,0,45,0,1,0,28,1,1,0,0,0,56,0,1,2,0,0,3,0,39,0,1,0,2,0,0,0,33,0,7,76,2,3,2,0,1,1,8,17,2,45,0,22,2,0,1,16,1,23,0,22,0,0,22,0,59,0,0,0,0,24,0,0,24,3,0,3,3,70,0,11,0,11,0,44,1,6,0,0,0,0,0,28,6,0,0,7,0,37,0,32,29
2018-03-01,40,18,1,3,1,11,31,25,2,2,0,3,16,16,10,0,2,0,46,59,76,3,0,3,0,34,22,19,8,23,4,27,0,12,3,65,70,0,4,1,3,4,21,7,0,17,46,0,1,0,33,7,4,3,0,1,0,0,0,20,1,1,25,0,3,0,5,0,0,5,69,1,0,0,1,5,5,15,5,5,0,0,1,8,0,2,12,2,18,2,0,55,3,1,0,1,5,3,0,0,13,0,16,1,0,0,15,1,52,0,3,21,8,6,3,0,1,0,1,49,0,0,36,2,23,0,11,8,1,0,0,5,15,0,0,0,0,3,0,63,69,2,0,0,0,1,0,43,0,1,0,25,1,2,1,0,0,52,0,1,2,0,0,3,0,45,0,0,0,2,0,0,0,31,0,7,71,1,4,1,0,2,1,7,12,2,53,0,32,8,0,4,17,0,23,0,20,0,0,0,0,61,0,0,0,0,22,0,0,0,2,0,1,4,60,10,19,0,19,9,46,1,6,0,0,0,0,0,22,0,0,0,8,0,41,0,30,24
2018-04-01,41,13,1,3,1,14,27,27,1,1,0,6,15,16,13,0,3,0,43,55,80,2,0,2,0,30,16,17,11,23,7,29,0,15,8,27,64,0,5,0,3,4,17,6,0,15,42,0,2,0,32,7,7,2,0,2,1,1,1,32,1,1,21,0,2,0,5,0,1,4,67,1,0,0,0,10,13,13,8,0,0,0,1,7,0,0,14,6,18,2,0,91,2,0,0,2,4,3,0,0,12,0,15,1,0,0,15,1,70,0,3,26,9,7,4,0,2,0,1,38,0,0,38,1,20,0,10,10,1,0,0,4,13,0,0,0,0,3,0,64,62,2,0,0,0,1,0,43,0,1,0,23,2,2,0,0,0,58,0,1,2,0,0,3,0,65,0,0,0,2,0,0,0,32,0,7,61,1,2,3,0,1,2,5,17,2,39,0,23,3,0,8,14,3,24,0,20,0,0,20,0,63,0,0,0,0,44,0,0,0,4,0,1,5,57,10,0,0,10,0,53,1,6,0,0,0,0,6,8,6,0,0,6,0,44,0,24,22
2018-05-01,38,16,1,3,1,14,27,26,1,3,2,4,16,23,15,0,4,0,49,55,78,2,1,4,1,32,15,18,8,18,10,20,0,9,4,16,61,0,5,1,4,5,18,6,0,18,47,0,1,0,30,6,4,4,0,1,1,1,1,32,0,1,24,1,4,0,6,0,0,4,74,2,0,1,0,5,10,13,5,0,0,0,1,6,0,2,15,6,16,3,0,70,2,0,0,1,3,2,1,0,12,0,14,1,0,0,14,1,72,0,2,22,13,4,4,0,2,0,1,35,0,0,35,2,20,0,9,11,1,0,0,3,13,0,0,0,0,2,0,68,52,2,0,0,0,0,0,41,0,1,0,23,1,1,1,0,0,71,0,1,2,0,0,2,0,84,0,1,0,2,0,0,0,33,0,7,55,2,2,2,0,1,3,5,18,0,40,0,20,0,0,5,9,0,29,0,40,0,0,20,0,57,0,0,0,0,22,0,0,22,3,0,1,3,67,10,14,0,24,14,45,1,12,0,0,0,0,0,33,5,0,0,4,0,41,0,23,19
2018-06-01,33,5,1,3,1,10,30,21,2,2,1,2,19,15,14,0,2,0,36,51,70,1,1,3,0,25,18,15,4,20,11,21,2,5,0,14,60,0,3,1,3,5,10,5,0,16,41,0,1,0,28,7,5,3,0,1,1,1,1,24,1,1,33,0,2,0,5,0,0,3,76,1,0,1,0,5,11,13,5,0,0,0,1,6,0,0,9,3,12,2,0,36,3,0,0,1,3,2,0,0,9,0,14,1,0,0,11,0,61,0,1,26,8,3,3,0,1,0,1,32,0,0,27,1,19,0,8,10,1,0,0,2,12,0,0,0,0,2,0,60,37,1,0,0,0,0,0,36,0,1,0,15,2,1,0,0,0,53,0,1,1,0,0,2,0,55,0,0,0,2,0,0,0,28,0,8,48,1,2,2,0,1,2,4,17,2,34,0,21,4,0,5,6,3,31,0,21,0,0,0,0,41,0,0,0,0,23,0,0,23,1,0,1,5,76,0,15,0,10,0,38,1,7,0,0,0,0,12,29,6,0,0,1,0,27,0,18,16
2018-07-01,38,6,1,3,1,12,22,25,0,2,1,4,12,17,21,0,2,0,36,48,73,1,0,3,0,35,17,19,6,27,6,22,0,10,2,11,65,0,5,2,4,7,16,8,0,20,52,0,1,0,31,5,3,4,0,1,1,0,0,23,0,1,50,0,2,0,7,0,0,2,71,2,1,1,0,5,10,7,5,0,0,0,1,6,0,2,20,4,11,2,0,32,2,0,0,1,2,1,0,0,10,0,14,1,0,0,12,1,65,0,3,22,10,5,4,0,1,0,1,34,0,0,28,2,20,0,9,9,1,0,0,2,12,0,0,0,0,2,0,61,43,1,0,0,0,0,0,36,0,1,0,20,1,1,1,0,0,55,0,1,2,0,0,2,0,69,0,0,0,1,0,0,0,32,0,10,70,1,2,2,0,1,4,7,21,2,27,0,22,0,0,2,12,1,27,0,0,0,0,19,0,49,0,0,0,0,20,0,0,20,2,0,1,3,70,0,27,0,13,0,38,1,6,0,0,0,0,0,10,0,0,0,1,0,33,0,21,15
2018-08-01,43,8,1,4,1,13,31,23,2,1,1,3,16,26,35,0,3,1,44,50,89,2,0,3,0,25,18,26,5,21,6,20,0,4,4,12,70,1,5,1,4,4,22,10,0,21,50,0,1,0,35,5,6,3,0,0,1,1,1,24,0,2,36,0,2,0,9,0,0,4,71,1,3,0,1,8,10,20,15,0,0,0,1,7,0,2,31,3,10,2,0,37,2,1,0,1,3,1,0,0,11,0,15,1,0,0,14,1,86,0,2,28,10,4,2,0,1,0,1,42,0,0,32,2,22,0,9,9,1,0,0,5,12,0,0,0,0,2,0,60,60,2,0,0,0,0,0,42,0,1,0,23,2,2,1,0,0,55,0,1,2,0,0,3,0,80,0,1,0,1,0,0,0,39,0,10,65,1,2,2,0,1,4,4,15,0,38,0,19,0,0,0,8,1,34,0,29,0,0,0,0,62,0,0,0,0,21,0,0,21,2,1,1,4,65,0,9,0,9,9,33,1,5,0,0,0,0,0,13,0,0,0,3,0,44,0,21,21
2018-09-01,45,8,1,4,1,16,31,23,1,1,0,7,19,37,27,0,6,0,39,60,100,5,1,6,0,42,23,35,4,27,2,26,0,8,3,13,85,1,5,0,3,6,27,10,0,22,47,0,1,0,46,6,5,2,0,2,1,0,1,20,1,2,26,1,2,0,10,0,0,10,72,2,1,1,0,5,13,26,10,0,0,0,1,6,0,2,21,6,15,3,0,38,2,1,1,1,2,2,0,0,9,0,16,2,0,0,14,0,100,0,2,24,9,7,4,0,1,0,1,45,0,0,32,2,20,0,15,14,1,0,0,5,12,0,0,0,0,3,0,61,63,2,0,0,0,0,0,45,0,1,0,28,2,1,1,0,0,54,0,1,2,0,0,3,0,84,0,0,0,2,0,0,0,100,0,9,81,1,1,5,0,3,11,8,13,0,46,0,19,2,0,3,6,1,36,0,34,0,0,21,0,68,0,0,0,0,22,0,0,0,3,0,2,6,68,10,0,0,10,10,42,1,5,0,0,0,0,0,22,6,0,0,4,0,42,0,25,22
2018-10-01,48,7,1,4,1,18,28,26,2,1,1,10,15,27,21,0,4,0,47,56,100,7,0,6,0,31,16,40,5,18,6,27,0,11,6,12,75,0,5,1,3,5,30,12,0,21,45,0,0,0,42,6,9,4,0,1,2,1,2,20,0,1,30,0,2,0,11,0,0,8,67,2,1,0,1,5,12,24,5,0,0,0,1,6,0,4,27,4,31,2,0,37,2,0,1,1,2,2,0,0,10,0,15,2,0,0,17,1,89,0,4,20,9,2,5,0,5,0,1,43,0,0,31,2,17,0,9,14,1,0,0,4,12,0,0,0,0,2,0,57,61,1,0,0,0,0,0,41,0,1,0,29,1,1,1,0,0,48,0,1,1,0,0,2,0,85,0,0,0,2,0,0,0,63,0,9,77,1,2,3,0,4,10,6,20,0,51,0,20,2,0,4,9,1,28,0,69,0,0,19,0,61,0,0,0,0,51,0,0,21,2,0,1,4,63,27,0,0,27,9,53,1,6,0,0,0,0,0,21,0,0,0,5,0,32,0,37,27
2018-11-01,47,7,1,4,1,17,25,23,1,1,1,5,15,19,15,0,4,0,53,59,95,5,1,3,1,33,21,21,5,35,8,26,2,15,7,14,79,0,5,3,5,7,41,9,0,23,40,0,1,0,38,7,6,2,0,1,1,1,1,17,1,1,26,1,2,0,13,0,0,6,75,2,0,1,0,5,5,21,0,0,0,0,1,5,0,3,32,6,18,2,0,34,2,1,1,1,2,2,1,0,17,0,15,1,0,0,15,1,72,0,4,20,13,4,4,0,2,0,1,39,0,0,34,2,16,0,9,19,1,0,0,6,12,0,0,0,0,1,0,59,65,1,0,0,0,0,0,46,0,2,0,32,3,1,1,0,0,44,0,1,2,0,0,2,0,74,0,0,0,2,0,0,0,47,0,12,87,1,2,2,1,2,8,6,18,4,62,0,96,2,0,1,9,1,32,0,62,0,0,0,0,64,0,0,0,0,0,0,0,22,1,0,2,3,67,0,10,0,20,15,52,1,6,0,0,0,0,0,23,0,0,0,4,0,35,0,24,27
2018-12-01,50,9,1,3,1,14,29,18,2,1,1,5,21,24,23,0,4,0,52,55,84,3,1,4,1,24,16,27,6,27,5,37,0,10,3,11,72,0,6,3,3,4,27,8,0,28,39,0,1,0,39,8,6,3,1,2,2,0,1,16,4,4,24,0,2,0,14,1,0,12,81,2,1,1,0,27,8,13,0,0,0,0,1,5,0,2,27,9,17,2,0,30,1,0,1,1,4,2,0,0,12,0,14,1,0,0,12,3,64,0,3,20,13,3,3,0,2,0,1,44,0,0,34,2,19,0,10,23,1,0,0,4,14,0,0,0,0,2,0,60,57,2,0,0,0,0,0,45,0,1,0,21,2,1,0,0,0,41,0,1,1,0,0,2,0,47,0,0,0,2,0,0,0,42,0,10,73,2,2,1,0,4,5,3,21,0,35,0,53,0,0,2,8,1,26,0,21,0,0,21,0,53,0,0,0,0,22,0,0,22,1,0,1,1,76,10,10,0,10,10,59,1,6,0,0,0,0,0,20,6,0,0,3,0,36,0,26,21
2019-01-01,51,7,1,3,1,13,28,26,1,1,1,4,16,15,18,0,4,0,53,49,76,2,1,4,1,32,15,26,5,20,7,32,4,2,4,10,75,1,6,1,4,4,29,8,0,26,37,0,1,0,88,4,4,3,1,1,2,0,2,19,1,2,22,1,4,0,17,1,0,8,81,2,1,1,0,26,15,10,10,0,0,0,1,4,0,0,26,9,13,3,0,27,2,0,2,1,2,1,0,0,8,0,15,1,0,0,11,2,53,0,6,18,14,3,4,0,1,0,1,46,0,0,30,1,18,0,8,25,1,0,0,5,13,0,0,0,0,2,0,59,61,1,0,0,0,0,0,40,0,1,0,23,1,0,0,0,0,38,0,1,1,0,0,2,0,77,0,0,0,1,0,0,0,40,0,11,81,1,1,3,0,3,32,6,24,2,61,0,34,2,0,1,8,0,32,0,40,0,0,40,0,60,0,0,0,0,0,0,0,22,2,0,1,3,82,0,10,0,24,10,37,2,6,0,0,0,0,6,6,5,0,0,5,0,28,0,41,25
2019-02-01,83,13,1,3,1,15,26,23,1,1,1,17,17,18,28,0,4,0,58,46,74,2,1,3,1,22,16,31,7,23,2,29,0,9,3,11,64,0,6,1,3,4,27,10,0,27,34,0,1,0,75,4,7,4,0,1,1,1,2,16,3,3,23,0,1,0,18,1,1,8,81,3,1,0,0,16,11,14,30,0,0,0,1,4,0,0,40,6,11,3,1,29,2,1,2,1,3,1,0,0,12,0,13,2,0,0,10,1,54,0,2,13,7,5,4,0,1,0,1,34,0,0,29,2,17,0,8,44,1,0,0,7,15,0,0,0,0,1,0,73,67,1,0,0,0,0,0,37,0,1,0,28,1,1,1,0,0,63,0,1,1,0,0,2,0,66,0,0,0,2,0,0,0,31,0,8,90,2,3,2,1,4,16,5,17,0,51,0,12,2,0,1,11,1,36,0,43,0,0,21,0,62,0,0,0,0,0,0,0,69,1,0,1,4,62,0,10,0,26,10,44,1,5,0,0,0,0,0,6,6,0,0,3,0,36,0,85,36
2019-03-01,100,18,1,3,1,16,25,21,1,2,1,12,30,37,20,0,7,0,63,44,70,3,0,3,1,27,12,27,10,54,9,45,0,12,3,10,53,0,6,1,3,4,23,9,0,29,32,0,1,0,63,5,4,3,0,1,3,1,2,17,1,5,22,0,2,0,18,1,3,6,74,2,1,0,0,10,10,5,27,5,0,0,0,4,0,2,35,7,10,2,0,30,1,0,3,1,2,2,0,0,8,0,11,1,0,0,8,1,49,0,3,19,6,5,6,0,1,0,1,35,0,0,34,2,20,0,9,43,1,0,0,7,13,0,0,0,0,2,0,57,67,1,0,0,0,0,0,37,0,1,0,28,1,1,1,0,1,41,0,1,1,0,0,2,0,60,0,0,0,2,0,0,0,28,0,10,74,1,3,2,1,3,11,6,18,2,49,0,29,3,0,1,5,1,40,0,48,0,0,19,0,62,0,0,0,0,21,0,0,21,0,0,1,3,72,0,0,0,9,0,43,1,6,0,0,0,0,0,26,5,0,1,7,0,28,0,67,34
2019-04-01,82,13,1,2,1,15,17,19,2,1,1,5,23,23,16,0,5,0,64,43,68,3,0,3,0,21,15,46,10,39,11,36,2,15,2,8,41,0,5,1,4,4,21,9,0,30,36,0,0,0,54,3,6,2,0,1,2,0,1,15,4,4,19,1,1,0,19,1,1,6,75,2,1,0,0,18,5,13,16,0,0,0,1,4,0,0,24,8,16,0,0,30,1,0,4,1,2,2,1,0,9,0,12,1,0,0,10,1,43,0,3,9,3,3,2,0,2,0,1,32,0,0,35,2,16,0,7,39,0,0,0,4,12,0,0,0,0,1,0,54,62,1,0,0,0,0,0,38,0,1,0,24,2,1,0,0,0,34,0,1,1,0,0,1,0,52,0,0,0,1,0,0,0,26,0,7,72,1,2,2,0,3,17,5,16,0,46,2,28,3,0,1,12,0,33,0,20,0,0,20,0,65,0,0,0,0,0,0,0,0,0,0,1,4,62,0,10,0,20,10,47,1,6,0,0,0,0,6,20,0,0,0,5,0,26,0,69,29
2019-05-01,85,14,1,2,0,12,21,12,1,2,0,8,21,17,16,0,5,0,85,48,68,3,1,3,2,17,10,37,8,42,4,33,0,5,5,9,39,0,5,2,3,5,18,8,0,23,40,0,1,0,82,4,5,2,0,1,1,1,1,15,1,10,24,1,3,0,19,1,0,5,79,2,2,0,0,28,10,20,8,0,0,0,1,3,0,2,30,3,8,2,0,23,1,0,4,1,1,1,1,0,7,0,10,1,0,0,8,1,38,0,4,11,4,3,3,0,2,0,1,28,0,0,29,1,19,0,7,32,1,0,0,3,10,0,0,0,0,1,0,58,50,1,0,0,0,0,0,38,0,1,0,27,1,1,1,0,0,34,0,1,1,0,0,1,0,42,0,0,0,1,0,0,0,29,0,5,72,1,3,4,1,2,19,5,21,2,68,4,25,2,0,0,8,1,33,0,20,0,0,0,0,59,0,0,0,0,22,0,0,32,2,0,2,3,73,10,19,0,10,19,41,1,14,0,0,0,0,0,16,0,0,1,5,0,30,0,41,22
2019-06-01,74,5,1,2,1,14,23,19,1,2,1,7,23,13,23,0,4,0,57,47,75,2,1,2,1,21,15,30,4,26,6,44,0,8,6,8,53,0,4,0,2,5,15,8,0,28,42,0,1,0,65,3,4,3,0,1,1,0,4,14,1,13,25,0,2,0,21,1,0,5,88,2,1,1,0,27,11,16,16,0,0,0,1,4,0,2,27,2,16,3,0,19,1,0,4,1,1,2,0,0,7,0,11,1,0,0,8,2,42,0,5,16,6,3,5,0,1,0,1,29,0,0,32,2,19,0,8,31,1,0,0,2,12,0,0,0,0,1,0,62,43,1,0,0,0,0,0,40,0,1,0,20,2,1,1,0,0,35,0,1,1,0,0,1,0,30,0,1,0,2,0,0,0,29,0,4,73,1,2,3,1,3,23,5,24,0,28,0,26,0,0,3,5,0,39,0,52,0,0,0,0,45,0,0,0,0,23,0,0,0,1,0,3,2,71,0,10,0,0,0,35,1,7,0,0,0,0,0,6,0,0,1,2,0,29,0,40,15
2019-07-01,67,5,1,2,1,16,25,18,2,1,0,8,22,13,24,0,6,0,58,46,83,2,0,3,2,18,12,22,6,38,8,41,0,11,5,8,62,1,6,0,3,5,16,9,0,26,39,0,1,0,68,3,4,3,0,1,2,0,5,16,6,19,22,0,1,0,24,1,1,8,82,2,0,1,0,19,10,15,19,0,0,0,1,4,0,2,31,9,10,2,3,19,2,0,4,1,2,2,1,0,7,0,13,1,0,0,8,2,47,0,4,16,9,1,2,0,2,0,1,28,0,0,31,2,17,0,7,32,1,0,0,3,12,0,0,0,0,1,0,61,49,1,0,0,0,0,0,38,0,1,0,30,1,1,0,0,0,38,0,2,1,0,0,1,0,39,0,0,0,2,0,0,0,33,0,6,84,1,3,2,1,3,25,4,26,0,51,0,44,0,0,4,7,0,46,0,31,0,0,0,0,51,0,0,0,0,41,0,0,0,2,0,1,2,63,9,14,0,9,0,36,1,5,0,0,0,0,0,8,0,0,2,2,0,35,0,59,18
2019-08-01,60,5,1,2,1,15,32,22,1,1,1,6,21,21,25,0,6,0,59,41,77,4,0,2,1,17,14,21,7,41,11,55,0,7,3,6,50,0,7,1,3,4,27,11,0,26,35,0,1,0,79,4,5,2,0,1,2,1,4,16,1,16,26,1,1,0,24,1,1,7,77,2,1,1,0,24,5,5,10,10,0,0,1,4,0,0,25,17,18,2,1,21,1,0,5,1,2,1,1,0,11,0,14,1,0,0,8,5,46,0,5,17,7,2,3,0,1,0,1,29,0,0,31,2,16,0,8,29,1,0,0,7,10,0,0,0,0,1,0,61,56,1,0,0,0,0,0,46,0,2,0,40,2,1,0,0,0,35,0,1,1,0,0,1,0,50,0,0,0,1,0,0,0,32,0,8,76,1,1,2,1,2,31,5,20,0,44,2,59,0,0,6,7,0,30,0,31,0,0,0,0,69,0,0,0,0,21,0,0,0,1,1,3,3,62,0,9,0,36,0,34,1,7,0,0,0,0,0,5,5,0,1,4,0,33,0,40,19
2019-09-01,55,8,1,2,0,14,33,15,2,1,1,9,21,21,34,0,7,0,60,48,70,6,0,2,0,24,19,24,8,37,6,86,0,7,9,11,57,1,6,1,3,4,37,11,0,27,38,0,0,0,82,2,3,3,0,1,1,0,4,16,3,18,20,0,2,0,23,1,1,7,78,2,1,0,0,16,7,24,14,5,0,0,1,3,0,0,30,11,20,2,0,19,1,0,4,1,2,1,0,0,8,0,13,2,0,0,8,2,46,0,5,13,8,2,4,0,1,0,1,27,0,0,53,2,16,0,8,26,1,0,0,7,11,0,0,0,0,2,0,60,62,1,0,0,0,0,0,44,0,2,0,48,3,1,0,0,0,33,0,1,1,0,0,2,0,64,0,0,0,2,0,0,0,27,0,5,77,3,2,2,1,4,35,5,16,0,61,2,59,0,0,0,8,1,41,0,28,0,0,0,0,68,0,0,0,0,30,0,0,0,1,0,1,2,53,9,9,0,0,0,44,2,8,0,0,0,0,5,10,0,0,1,5,0,29,0,30,21
2019-10-01,55,6,1,1,0,13,27,15,2,2,1,6,38,23,24,0,5,1,60,45,71,8,1,2,0,18,19,45,7,48,4,61,0,10,7,9,47,1,7,1,3,4,37,9,0,28,36,0,1,0,100,4,6,3,0,1,1,1,4,17,3,18,18,0,3,0,24,2,0,9,80,1,1,0,0,29,5,27,14,5,0,0,1,3,0,1,42,11,24,2,0,18,1,1,7,1,2,1,0,0,8,0,15,2,0,0,9,1,43,0,5,20,9,3,4,0,1,0,1,25,0,0,35,2,18,0,7,30,1,0,0,5,10,0,0,0,0,1,0,63,60,1,0,0,0,0,0,43,0,2,0,47,1,1,0,0,0,36,0,1,1,0,0,2,0,76,0,0,0,2,0,0,0,29,0,6,84,1,1,2,2,5,50,8,16,0,67,0,50,2,0,1,11,1,34,0,26,0,0,0,0,59,0,0,0,0,19,0,0,19,2,0,1,3,47,8,0,0,17,0,63,1,6,0,0,0,0,0,5,5,0,1,5,0,36,0,31,26
2019-11-01,56,7,1,1,1,16,22,12,2,1,1,9,28,26,24,0,6,0,67,42,67,5,1,2,0,23,18,38,7,40,6,80,0,12,5,14,45,1,7,1,5,3,42,8,0,29,29,0,0,0,62,2,6,2,0,1,1,0,5,14,2,14,21,1,5,0,20,2,0,24,87,2,2,0,0,100,16,26,39,5,0,0,1,3,0,2,33,6,25,3,0,18,1,0,8,1,1,2,0,0,7,0,12,2,0,0,9,1,41,0,4,14,8,2,3,0,1,0,1,27,0,0,34,1,16,0,8,33,1,0,0,7,10,0,0,0,0,1,0,65,61,1,0,0,0,0,0,38,0,2,0,54,1,1,0,0,0,39,0,2,1,0,0,1,0,87,0,1,0,2,0,0,0,26,0,5,82,1,1,1,0,5,50,7,11,0,65,3,38,3,0,1,6,0,37,0,45,0,0,18,0,60,0,0,0,0,33,0,0,20,1,1,1,3,57,0,13,0,13,26,54,1,8,0,0,0,0,0,12,5,0,1,5,0,35,0,66,25
2019-12-01,52,6,1,1,0,14,24,12,1,1,1,8,28,16,22,0,5,0,74,39,76,3,1,2,1,20,20,37,4,57,7,100,0,12,5,9,38,1,11,1,4,3,31,11,0,25,27,0,0,0,62,3,6,2,0,1,1,1,4,17,4,11,25,0,3,0,21,2,1,19,88,2,3,0,0,84,5,42,28,5,0,0,0,3,0,1,32,10,18,2,0,15,2,0,9,1,1,1,1,0,7,0,12,1,0,0,8,1,42,0,3,15,7,3,2,0,1,0,1,28,0,0,31,1,17,0,7,27,1,0,0,5,10,0,0,0,0,4,0,63,53,1,0,0,0,0,0,35,0,2,0,66,1,0,0,0,0,28,0,2,1,0,0,5,0,45,0,0,0,2,0,0,0,23,0,5,70,1,2,2,1,4,31,6,18,2,63,0,31,2,0,1,3,0,40,0,18,0,0,0,0,53,0,0,0,0,20,0,0,20,1,2,1,2,64,0,22,0,13,9,45,1,6,0,0,0,0,0,7,5,0,0,3,0,32,0,59,20
2020-01-01,51,5,1,1,0,10,20,10,1,2,1,5,29,11,22,0,4,0,72,34,69,3,1,2,1,13,13,29,5,43,7,72,0,8,6,7,36,1,24,1,5,2,21,7,0,30,28,0,0,0,44,3,4,2,0,1,1,1,5,10,4,19,18,0,3,0,20,2,1,22,97,2,2,0,1,54,14,27,14,7,0,0,0,3,0,0,25,8,16,4,0,12,1,0,14,1,1,1,0,0,6,0,9,1,0,0,7,2,34,0,3,14,7,3,3,0,1,0,1,25,0,0,29,2,17,0,7,24,1,0,0,5,10,0,0,0,0,3,0,64,54,1,0,0,0,0,0,39,0,2,0,96,1,1,1,0,0,28,0,1,1,0,0,3,0,96,0,0,0,2,0,0,0,21,0,4,70,1,1,1,1,5,49,4,18,0,77,0,20,0,0,5,5,2,39,0,17,0,0,18,0,60,0,0,0,0,19,0,0,19,1,1,1,2,59,17,21,0,21,8,42,3,7,0,0,0,0,0,5,0,0,0,4,0,30,0,35,23
2020-02-01,54,13,1,1,0,16,23,12,2,1,1,5,30,15,25,0,3,0,79,43,66,2,1,2,1,21,19,31,3,28,6,61,2,8,8,6,33,1,15,1,3,3,28,8,0,30,22,0,0,0,53,3,5,2,0,1,2,1,8,10,3,17,19,1,1,0,21,2,1,18,100,1,3,0,0,60,7,60,29,5,0,0,1,3,0,2,31,7,12,2,0,13,1,0,14,1,1,2,0,0,6,0,10,1,0,0,6,3,45,0,2,14,6,3,3,0,1,0,1,25,0,0,36,1,16,0,7,23,0,0,0,9,11,0,0,0,0,5,0,66,66,1,0,0,0,0,0,38,0,2,0,100,1,1,1,0,0,39,0,1,1,0,0,5,0,99,0,0,0,2,0,0,0,20,0,4,58,1,2,1,1,4,26,6,18,2,99,4,39,2,0,2,6,0,35,0,31,0,0,19,0,80,0,0,0,0,20,0,0,20,1,0,2,1,64,0,27,0,22,0,100,1,7,0,0,0,0,0,5,0,0,1,6,0,33,0,31,36
2020-03-01,57,31,1,1,0,9,18,10,4,0,1,2,27,15,23,0,3,0,65,35,58,4,1,2,0,17,21,25,4,30,5,58,2,7,5,7,30,1,11,1,3,2,29,6,0,34,21,0,0,0,41,3,4,2,0,1,3,0,7,12,2,11,13,1,2,0,19,1,1,12,87,2,1,1,1,45,12,20,33,4,0,0,0,3,0,0,27,4,13,2,0,12,1,1,11,1,1,2,1,0,6,0,9,2,0,0,5,1,33,0,4,14,9,4,3,0,1,0,1,23,0,0,26,1,14,0,6,22,1,0,0,14,9,0,0,0,0,2,0,68,75,1,0,0,0,0,0,33,0,1,0,92,1,1,1,0,0,40,0,2,1,0,0,2,0,100,0,0,0,2,0,0,0,17,0,5,56,1,1,1,1,3,24,6,17,2,90,0,34,2,0,0,6,0,33,0,16,0,0,0,0,85,0,0,0,0,0,0,0,17,1,0,1,3,52,0,0,0,8,8,57,2,6,0,0,0,0,0,15,0,0,1,11,0,27,0,23,31
2020-04-01,56,23,1,1,0,8,20,8,2,1,0,7,29,12,24,0,2,0,63,36,54,4,1,2,1,21,17,20,8,22,3,45,0,9,5,7,29,0,9,1,5,3,39,4,0,34,21,0,0,0,38,1,3,1,0,2,1,0,4,22,2,8,14,0,3,0,18,1,0,8,75,2,1,0,0,26,8,18,14,4,0,0,1,2,0,2,26,3,17,1,1,10,1,0,8,1,1,1,0,0,7,0,8,3,0,0,6,1,29,0,2,12,9,3,2,0,4,0,1,21,0,0,25,1,14,0,8,21,1,0,0,20,9,0,0,0,0,1,0,64,84,1,0,0,0,0,0,31,0,1,0,85,1,1,1,0,0,31,0,1,1,0,0,2,0,99,0,1,0,2,0,0,0,16,0,5,53,2,1,1,1,3,18,5,18,1,78,0,38,1,0,2,4,1,36,0,16,0,0,15,0,97,0,0,0,0,17,0,0,22,1,0,1,1,54,7,0,0,11,0,47,3,13,0,0,0,0,0,6,0,0,1,11,0,25,0,20,26
2020-05-01,49,15,1,1,0,10,23,11,6,1,1,6,29,7,26,0,3,0,99,34,63,2,1,1,1,22,15,20,9,30,2,38,0,9,9,6,28,1,7,1,4,2,26,4,0,43,26,0,1,0,38,3,4,3,0,1,2,1,5,15,2,13,13,0,2,0,18,1,0,7,83,2,1,0,0,13,11,26,26,0,0,0,0,3,0,1,24,4,14,1,1,9,1,0,7,1,1,1,1,0,9,0,10,2,0,0,6,1,29,0,2,17,7,2,2,0,1,0,1,24,0,0,24,1,18,0,7,17,2,0,0,12,9,0,0,0,0,1,0,71,63,1,0,0,0,0,0,34,0,1,0,64,1,1,1,0,0,38,0,1,1,0,0,2,0,54,0,0,0,1,0,0,0,17,0,3,58,1,2,7,0,2,56,6,32,0,61,0,18,2,0,1,5,0,43,0,22,0,0,0,0,68,0,0,0,0,18,0,0,18,0,0,0,1,58,0,0,0,8,8,42,2,13,0,0,0,0,0,7,5,0,1,11,0,26,0,15,21
2020-06-01,58,24,1,1,0,8,21,8,4,1,1,6,31,8,28,0,2,0,69,33,61,3,1,2,0,17,12,27,6,31,4,34,0,3,2,7,25,1,10,1,4,2,27,3,0,40,23,0,1,0,29,2,3,1,0,1,0,0,4,14,1,7,13,0,2,0,16,1,0,7,84,2,1,0,0,17,4,17,19,0,0,0,0,3,0,1,22,4,21,1,0,10,1,0,5,1,1,1,0,0,6,0,10,3,0,0,5,1,28,0,0,16,5,1,4,0,1,0,1,22,0,0,24,2,14,0,7,15,2,0,0,15,8,0,0,0,0,1,0,71,71,1,0,0,0,0,0,32,0,2,0,77,1,1,1,0,0,30,0,1,1,0,0,1,0,86,0,0,0,1,0,0,0,16,0,3,71,1,1,2,0,2,100,5,27,0,100,0,45,0,0,2,6,0,46,0,16,0,0,0,0,82,0,0,0,0,35,0,0,53,1,0,1,3,62,0,8,0,16,0,41,4,7,0,0,0,0,4,20,0,0,0,10,0,25,0,18,29
2020-07-01,58,3,1,1,0,6,22,7,3,1,1,9,25,5,21,0,3,1,75,33,65,2,1,1,1,17,11,19,4,13,2,27,0,8,5,4,26,1,8,1,3,2,21,4,0,38,24,0,0,0,41,2,3,1,0,0,1,0,2,11,1,12,13,0,1,0,16,0,0,6,73,2,1,0,0,18,6,16,4,4,0,0,0,3,0,1,21,5,8,1,0,8,1,0,5,1,2,2,0,0,6,0,10,2,0,0,6,0,29,0,3,17,7,1,1,0,1,0,0,20,0,0,24,1,15,0,7,14,3,0,0,5,7,1,0,0,0,1,0,70,67,1,0,0,0,0,0,30,0,1,0,52,1,1,0,0,0,30,0,1,0,0,0,1,0,46,0,0,0,1,0,0,0,15,0,3,65,1,1,1,1,1,51,6,26,0,34,0,37,2,0,0,3,0,32,0,16,0,0,16,0,62,0,0,0,0,17,0,0,17,0,0,1,2,55,0,0,0,8,0,33,1,7,0,0,0,0,0,11,0,0,0,1,0,26,0,18,19
2020-08-01,62,3,1,1,0,10,26,8,5,1,1,7,26,10,19,0,3,1,76,30,57,3,1,1,0,16,8,19,4,16,3,31,1,9,4,5,26,1,8,1,3,1,39,4,0,28,19,0,0,0,27,2,2,1,0,1,0,0,2,11,1,4,10,0,1,0,14,0,0,5,72,1,1,0,0,13,8,13,8,4,0,0,0,2,0,0,20,5,13,2,0,7,1,0,4,1,1,1,0,0,10,0,8,4,0,0,4,1,23,0,2,13,8,3,2,0,1,0,0,18,0,0,22,2,13,0,7,13,4,0,0,14,9,0,0,0,0,1,0,68,81,1,0,0,0,0,0,28,0,1,0,68,1,1,1,0,0,25,0,1,0,0,0,1,0,55,0,0,0,2,0,0,0,13,0,3,58,1,1,1,3,2,43,4,19,0,43,0,43,1,0,1,7,0,42,0,29,0,0,0,0,91,0,0,0,0,16,0,0,0,1,0,1,1,57,0,28,0,7,0,33,4,9,0,0,0,0,4,12,4,0,0,3,0,26,0,16,27
2020-09-01,64,4,1,0,0,7,18,5,4,1,1,6,17,4,20,0,3,0,73,31,50,4,1,1,0,16,10,22,4,16,2,24,0,6,3,5,22,1,9,1,4,2,100,3,0,25,22,0,0,0,25,1,2,1,0,1,1,0,2,9,0,4,13,1,1,0,14,0,0,6,64,2,1,1,0,5,0,7,7,7,0,0,0,2,0,0,21,3,12,2,0,6,1,0,4,1,1,1,0,0,4,0,9,7,0,0,4,0,22,0,3,14,18,1,3,0,1,0,0,17,0,0,22,1,13,0,6,12,6,0,0,23,7,0,0,0,0,1,0,68,100,0,0,0,0,0,0,28,0,1,0,83,0,1,1,0,0,24,0,1,0,0,0,1,0,61,0,1,0,1,0,0,0,12,0,2,60,1,0,1,2,3,51,5,18,0,56,0,47,0,0,0,4,0,40,0,28,0,0,0,0,100,0,0,0,0,15,0,0,15,1,1,1,2,45,0,7,0,10,0,38,6,9,0,0,0,0,0,4,4,0,0,7,0,31,0,20,35
2020-10-01,65,4,1,1,0,7,18,8,4,1,0,4,20,5,19,0,3,0,82,29,54,7,1,1,0,18,6,16,5,12,3,28,1,5,2,4,17,0,6,0,4,2,85,3,0,25,20,0,0,0,24,2,3,2,0,1,1,0,2,12,1,5,12,0,1,0,16,0,0,6,73,1,1,0,0,8,4,17,15,0,0,0,0,2,0,0,82,6,6,0,0,6,1,0,3,1,1,1,0,0,5,0,8,5,0,0,4,0,22,0,3,22,6,2,3,0,1,0,0,17,0,0,21,1,13,0,6,11,5,0,0,16,7,0,0,0,0,1,0,77,88,1,0,0,0,0,0,30,0,1,0,60,1,1,1,0,0,25,0,1,1,0,0,1,0,77,0,1,0,1,0,0,0,12,0,3,61,0,1,2,2,1,65,6,17,1,43,0,84,0,0,1,3,0,44,0,29,0,0,0,0,79,0,0,0,0,0,0,0,16,1,0,1,1,44,0,7,0,7,0,47,4,8,0,0,0,0,0,6,0,0,0,10,0,20,0,19,39
2020-11-01,61,4,1,0,0,8,18,12,5,2,0,7,19,5,13,0,3,0,93,28,47,7,1,2,0,18,7,12,3,13,4,29,0,8,0,8,18,1,4,1,5,2,69,4,0,26,20,0,0,0,47,2,2,1,0,1,1,1,5,7,1,5,13,0,2,0,12,0,0,5,69,1,1,0,0,5,5,17,7,0,0,0,1,2,0,0,100,4,10,0,0,6,1,0,4,1,1,1,0,0,4,0,8,5,0,0,4,0,19,0,3,12,8,2,7,0,1,0,0,16,0,0,19,1,12,0,7,12,3,0,0,15,8,0,0,0,0,1,0,77,82,0,0,0,0,0,0,26,0,1,0,52,0,1,2,0,0,23,0,1,1,0,0,1,0,94,0,1,0,1,0,0,0,14,0,2,64,1,1,1,2,2,68,7,14,0,58,0,54,2,0,3,1,0,40,0,29,0,0,0,0,70,0,0,0,0,0,0,0,0,0,0,1,1,46,0,19,0,9,10,50,2,8,0,0,0,0,5,10,0,0,1,9,0,22,0,17,39
